회차,이전회차,겹치는개수,겹친번호
2,1,0,[]
3,2,1,[21]
4,3,2,"[27, 31]"
5,4,2,"[40, 42]"
6,5,2,"[40, 42]"
7,6,2,"[26, 40]"
8,7,1,[25]
9,8,1,[39]
10,9,0,[]
11,10,1,[41]
12,11,0,[]
13,12,1,[25]
14,13,0,[]
15,14,1,[31]
16,15,1,[37]
17,16,1,[37]
18,17,2,"[3, 32]"
19,18,0,[]
20,19,1,[30]
21,20,1,[18]
22,21,2,"[6, 17]"
23,22,2,"[5, 17]"
24,23,0,[]
25,24,1,[43]
26,25,1,[4]
27,26,1,[20]
28,27,1,[37]
29,28,0,[]
30,29,0,[]
31,30,1,[35]
32,31,0,[]
33,32,0,[]
34,33,1,[40]
35,34,2,"[26, 37]"
36,35,1,[26]
37,36,0,[]
38,37,2,"[30, 37]"
39,38,1,[43]
40,39,2,"[7, 13]"
41,40,1,[13]
42,41,1,[23]
43,42,0,[]
44,43,1,[38]
45,44,0,[]
46,45,0,[]
47,46,1,[31]
48,47,1,[26]
49,48,0,[]
50,49,0,[]
51,50,2,"[2, 44]"
52,51,2,"[2, 16]"
53,52,0,[]
54,53,2,"[8, 39]"
55,54,1,[21]
56,55,2,"[31, 37]"
57,56,1,[10]
58,57,3,"[10, 25, 44]"
59,58,0,[]
60,59,2,"[36, 39]"
61,60,0,[]
62,61,1,[15]
63,62,1,[3]
64,63,1,[36]
65,64,1,[36]
66,65,0,[]
67,66,2,"[3, 7]"
68,67,2,"[10, 15]"
69,68,2,"[15, 39]"
70,69,2,"[5, 19]"
71,70,1,[5]
72,71,0,[]
73,72,0,[]
74,73,2,"[18, 40]"
75,74,0,[]
76,75,0,[]
77,76,0,[]
78,77,1,[29]
79,78,0,[]
80,79,2,"[24, 30]"
81,80,0,[]
82,81,0,[]
83,82,0,[]
84,83,1,[34]
85,84,1,[23]
86,85,0,[]
87,86,1,[12]
88,87,0,[]
89,88,0,[]
90,89,1,[29]
91,90,1,[29]
92,91,1,[24]
93,92,2,"[24, 36]"
94,93,0,[]
95,94,1,[34]
96,95,2,"[8, 31]"
97,96,0,[]
98,97,1,[6]
99,98,0,[]
100,99,2,"[1, 37]"
101,100,1,[1]
102,101,2,"[17, 35]"
103,102,0,[]
104,103,0,[]
105,104,1,[34]
106,105,1,[10]
107,106,1,[4]
108,107,0,[]
109,108,1,[44]
110,109,0,[]
111,110,1,[7]
112,111,1,[33]
113,112,1,[33]
114,113,1,[28]
115,114,1,[28]
116,115,2,"[2, 25]"
117,116,1,[34]
118,117,2,"[10, 22]"
119,118,2,"[3, 17]"
120,119,1,[11]
121,120,0,[]
122,121,0,[]
123,122,1,[17]
124,123,0,[]
125,124,0,[]
126,125,0,[]
127,126,1,[43]
128,127,0,[]
129,128,0,[]
130,129,2,"[19, 42]"
131,130,0,[]
132,131,0,[]
133,132,1,[23]
134,133,1,[23]
135,134,1,[35]
136,135,0,[]
137,136,1,[36]
138,137,1,[39]
139,138,2,"[11, 28]"
140,139,1,[28]
141,140,0,[]
142,141,1,[12]
143,142,0,[]
144,143,1,[26]
145,144,0,[]
146,145,2,"[2, 27]"
147,146,1,[42]
148,147,1,[21]
149,148,2,"[21, 34]"
150,149,1,[2]
151,150,2,"[2, 18]"
152,151,2,"[1, 13]"
153,152,1,[13]
154,153,0,[]
155,154,1,[19]
156,155,0,[]
157,156,1,[30]
158,157,0,[]
159,158,1,[18]
160,159,1,[41]
161,160,1,[34]
162,161,0,[]
163,162,0,[]
164,163,1,[11]
165,164,0,[]
166,165,0,[]
167,166,3,"[27, 36, 39]"
168,167,0,[]
169,168,1,[43]
170,169,0,[]
171,170,0,[]
172,171,1,[4]
173,172,1,[24]
174,173,0,[]
175,174,0,[]
176,175,1,[33]
177,176,0,[]
178,177,1,[1]
179,178,1,[5]
180,179,0,[]
181,180,1,[21]
182,181,1,[40]
183,182,2,"[34, 40]"
184,183,1,[2]
185,184,2,"[1, 2]"
186,185,2,"[4, 19]"
187,186,0,[]
188,187,0,[]
189,188,0,[]
190,189,2,"[8, 14]"
191,190,0,[]
192,191,1,[37]
193,192,1,[18]
194,193,2,"[26, 39]"
195,194,0,[]
196,195,1,[35]
197,196,1,[45]
198,197,2,"[12, 45]"
199,198,1,[25]
200,199,1,[14]
201,200,0,[]
202,201,2,"[39, 44]"
203,202,0,[]
204,203,1,[3]
205,204,2,"[3, 35]"
206,205,2,"[1, 3]"
207,206,1,[3]
208,207,2,"[14, 31]"
209,208,0,[]
210,209,0,[]
211,210,0,[]
212,211,1,[12]
213,212,0,[]
214,213,2,"[5, 20]"
215,214,1,[7]
216,215,1,[7]
217,216,2,"[16, 33]"
218,217,0,[]
219,218,0,[]
220,219,1,[11]
221,220,0,[]
222,221,0,[]
223,222,0,[]
224,223,2,"[26, 27]"
225,224,1,[19]
226,225,0,[]
227,226,1,[22]
228,227,0,[]
229,228,0,[]
230,229,2,"[5, 11]"
231,230,1,[5]
232,231,2,"[10, 44]"
233,232,0,[]
234,233,1,[13]
235,234,4,"[21, 22, 26, 37]"
236,235,1,[37]
237,236,1,[1]
238,237,0,[]
239,238,1,[15]
240,239,1,[41]
241,240,1,[16]
242,241,0,[]
243,242,1,[19]
244,243,0,[]
245,244,1,[38]
246,245,0,[]
247,246,1,[39]
248,247,0,[]
249,248,2,"[3, 8]"
250,249,0,[]
251,250,1,[19]
252,251,0,[]
253,252,1,[31]
254,253,1,[19]
255,254,3,"[1, 5, 24]"
256,255,0,[]
257,256,0,[]
258,257,2,"[27, 31]"
259,258,1,[14]
260,259,0,[]
261,260,0,[]
262,261,1,[31]
263,262,0,[]
264,263,1,[27]
265,264,1,[9]
266,265,1,[9]
267,266,0,[]
268,267,1,[24]
269,268,0,[]
270,269,2,"[5, 20]"
271,270,1,[9]
272,271,2,"[9, 27]"
273,272,0,[]
274,273,0,[]
275,274,2,"[14, 35]"
276,275,0,[]
277,276,1,[15]
278,277,0,[]
279,278,1,[37]
280,279,2,"[36, 37]"
281,280,0,[]
282,281,0,[]
283,282,2,"[18, 31]"
284,283,1,[45]
285,284,1,[45]
286,285,1,[40]
287,286,0,[]
288,287,2,"[12, 35]"
289,288,0,[]
290,289,0,[]
291,290,2,"[8, 18]"
292,291,1,[18]
293,292,2,"[17, 33]"
294,293,1,[17]
295,294,1,[38]
296,295,0,[]
297,296,0,[]
298,297,0,[]
299,298,0,[]
300,299,0,[]
301,300,1,[7]
302,301,1,[13]
303,302,1,[38]
304,303,0,[]
305,304,0,[]
306,305,2,"[18, 23]"
307,306,1,[23]
308,307,2,"[15, 45]"
309,308,0,[]
310,309,2,"[1, 5]"
311,310,1,[28]
312,311,1,[12]
313,312,0,[]
314,313,2,"[17, 34]"
315,314,0,[]
316,315,0,[]
317,316,3,"[10, 11, 39]"
318,317,0,[]
319,318,0,[]
320,319,0,[]
321,320,1,[25]
322,321,1,[18]
323,322,1,[32]
324,323,1,[36]
325,324,0,[]
326,325,0,[]
327,326,0,[]
328,327,2,"[6, 17]"
329,328,2,"[9, 17]"
330,329,2,"[17, 19]"
331,330,1,[4]
332,331,0,[]
333,332,0,[]
334,333,2,"[39, 43]"
335,334,0,[]
336,335,1,[5]
337,336,1,[5]
338,337,0,[]
339,338,0,[]
340,339,0,[]
341,340,1,[34]
342,341,3,"[1, 34, 43]"
343,342,2,"[1, 43]"
344,343,1,[1]
345,344,1,[15]
346,345,0,[]
347,346,1,[13]
348,347,1,[3]
349,348,3,"[14, 20, 24]"
350,349,1,[24]
351,350,1,[29]
352,351,1,[5]
353,352,1,[16]
354,353,2,"[19, 36]"
355,354,1,[44]
356,355,2,"[8, 29]"
357,356,1,[14]
358,357,2,"[10, 21]"
359,358,3,"[1, 10, 40]"
360,359,1,[40]
361,360,2,"[16, 35]"
362,361,1,[27]
363,362,0,[]
364,363,1,[14]
365,364,1,[5]
366,365,2,"[5, 26]"
367,366,1,[44]
368,367,0,[]
369,368,0,[]
370,369,0,[]
371,370,1,[42]
372,371,0,[]
373,372,0,[]
374,373,1,[15]
375,374,1,[25]
376,375,0,[]
377,376,0,[]
378,377,2,"[22, 29]"
379,378,2,"[22, 31]"
380,379,0,[]
381,380,1,[1]
382,381,1,[10]
383,382,1,[15]
384,383,0,[]
385,384,1,[32]
386,385,2,"[7, 19]"
387,386,2,"[31, 40]"
388,387,1,[1]
389,388,0,[]
390,389,1,[16]
391,390,2,"[28, 39]"
392,391,0,[]
393,392,0,[]
394,393,1,[28]
395,394,1,[20]
396,395,2,"[20, 31]"
397,396,0,[]
398,397,0,[]
399,398,1,[42]
400,399,1,[9]
401,400,1,[43]
402,401,0,[]
403,402,1,[22]
404,403,1,[24]
405,404,0,[]
406,405,0,[]
407,406,2,"[7, 24]"
408,407,0,[]
409,408,2,"[9, 21]"
410,409,2,"[32, 40]"
411,410,0,[]
412,411,1,[39]
413,412,0,[]
414,413,3,"[2, 15, 23]"
415,414,0,[]
416,415,1,[26]
417,416,2,"[5, 22]"
418,417,0,[]
419,418,3,"[11, 13, 28]"
420,419,0,[]
421,420,0,[]
422,421,1,[44]
423,422,0,[]
424,423,0,[]
425,424,1,[10]
426,425,1,[27]
427,426,0,[]
428,427,0,[]
429,428,0,[]
430,429,2,"[3, 34]"
431,430,1,[18]
432,431,0,[]
433,432,0,[]
434,433,1,[33]
435,434,0,[]
436,435,0,[]
437,436,0,[]
438,437,2,"[29, 38]"
439,438,1,[20]
440,439,0,[]
441,440,2,"[28, 34]"
442,441,0,[]
443,442,0,[]
444,443,0,[]
445,444,2,"[13, 45]"
446,445,0,[]
447,446,0,[]
448,447,1,[7]
449,448,1,[3]
450,449,0,[]
451,450,0,[]
452,451,1,[30]
453,452,0,[]
454,453,1,[38]
455,454,0,[]
456,455,0,[]
457,456,3,"[18, 23, 27]"
458,457,2,"[10, 40]"
459,458,3,"[4, 10, 40]"
460,459,0,[]
461,460,1,[11]
462,461,1,[37]
463,462,0,[]
464,463,2,"[34, 44]"
465,464,0,[]
466,465,1,[13]
467,466,0,[]
468,467,0,[]
469,468,1,[37]
470,469,0,[]
471,470,2,"[39, 41]"
472,471,0,[]
473,472,1,[36]
474,473,1,[13]
475,474,0,[]
476,475,1,[9]
477,476,0,[]
478,477,1,[29]
479,478,0,[]
480,479,0,[]
481,480,1,[3]
482,481,0,[]
483,482,0,[]
484,483,1,[28]
485,484,1,[27]
486,485,0,[]
487,486,1,[25]
488,487,1,[8]
489,488,2,"[2, 8]"
490,489,1,[2]
491,490,0,[]
492,491,1,[35]
493,492,2,"[22, 37]"
494,493,0,[]
495,494,0,[]
496,495,2,"[4, 13]"
497,496,1,[20]
498,497,1,[24]
499,498,0,[]
500,499,1,[20]
501,500,1,[4]
502,501,0,[]
503,502,1,[34]
504,503,0,[]
505,504,1,[22]
506,505,1,[22]
507,506,0,[]
508,507,0,[]
509,508,2,"[35, 43]"
510,509,2,"[12, 29]"
511,510,0,[]
512,511,1,[26]
513,512,2,"[5, 27]"
514,513,0,[]
515,514,1,[15]
516,515,2,"[2, 23]"
517,516,1,[41]
518,517,0,[]
519,518,1,[30]
520,519,0,[]
521,520,0,[]
522,521,0,[]
523,522,2,"[4, 37]"
524,523,2,"[38, 45]"
525,524,2,"[11, 29]"
526,525,1,[39]
527,526,0,[]
528,527,0,[]
529,528,1,[31]
530,529,1,[27]
531,530,1,[27]
532,531,0,[]
533,532,1,[17]
534,533,0,[]
535,534,0,[]
536,535,1,[18]
537,536,1,[43]
538,537,0,[]
539,538,1,[31]
540,539,1,[3]
541,540,2,"[13, 34]"
542,541,1,[26]
543,542,1,[26]
544,543,1,[44]
545,544,1,[25]
546,545,1,[27]
547,546,0,[]
548,547,0,[]
549,548,0,[]
550,549,0,[]
551,550,1,[20]
552,551,1,[20]
553,552,0,[]
554,553,1,[17]
555,554,1,[17]
556,555,0,[]
557,556,2,"[20, 28]"
558,557,2,"[26, 40]"
559,558,1,[12]
560,559,1,[45]
561,560,1,[45]
562,561,0,[]
563,562,2,"[17, 31]"
564,563,0,[]
565,564,1,[27]
566,565,1,[4]
567,566,0,[]
568,567,1,[1]
569,568,1,[3]
570,569,0,[]
571,570,1,[26]
572,571,1,[18]
573,572,0,[]
574,573,1,[43]
575,574,0,[]
576,575,0,[]
577,576,0,[]
578,577,1,[34]
579,578,2,"[5, 42]"
580,579,2,"[5, 7]"
581,580,1,[5]
582,581,1,[14]
583,582,2,"[33, 40]"
584,583,1,[40]
585,584,2,"[7, 41]"
586,585,1,[7]
587,586,1,[21]
588,587,0,[]
589,588,1,[8]
590,589,1,[38]
591,590,2,"[30, 38]"
592,591,1,[13]
593,592,1,[13]
594,593,1,[13]
595,594,2,"[8, 28]"
596,595,0,[]
597,596,1,[43]
598,597,1,[24]
599,598,1,[12]
600,599,2,"[5, 29]"
601,600,0,[]
602,601,0,[]
603,602,1,[27]
604,603,1,[2]
605,604,1,[2]
606,605,1,[1]
607,606,2,"[14, 39]"
608,607,2,"[8, 39]"
609,608,3,"[4, 8, 39]"
610,609,0,[]
611,610,1,[36]
612,611,1,[33]
613,612,0,[]
614,613,2,"[8, 44]"
615,614,0,[]
616,615,2,"[18, 23]"
617,616,1,[5]
618,617,0,[]
619,618,2,"[8, 30]"
620,619,0,[]
621,620,2,"[2, 16]"
622,621,1,[16]
623,622,0,[]
624,623,1,[7]
625,624,1,[7]
626,625,0,[]
627,626,0,[]
628,627,0,[]
629,628,0,[]
630,629,1,[31]
631,630,1,[31]
632,631,0,[]
633,632,0,[]
634,633,2,"[12, 20]"
635,634,1,[11]
636,635,0,[]
637,636,1,[16]
638,637,1,[22]
639,638,1,[22]
640,639,1,[15]
641,640,2,"[18, 21]"
642,641,1,[18]
643,642,1,[24]
644,643,0,[]
645,644,0,[]
646,645,1,[41]
647,646,1,[24]
648,647,0,[]
649,648,0,[]
650,649,2,"[3, 41]"
651,650,1,[11]
652,651,1,[44]
653,652,0,[]
654,653,1,[26]
655,654,0,[]
656,655,2,"[7, 40]"
657,656,2,"[14, 40]"
658,657,1,[19]
659,658,1,[19]
660,659,0,[]
661,660,0,[]
662,661,0,[]
663,662,1,[5]
664,663,0,[]
665,664,1,[44]
666,665,3,"[6, 11, 17]"
667,666,1,[17]
668,667,1,[15]
669,668,0,[]
670,669,0,[]
671,670,0,[]
672,671,1,[31]
673,672,0,[]
674,673,1,[10]
675,674,0,[]
676,675,3,"[1, 8, 45]"
677,676,0,[]
678,677,1,[12]
679,678,1,[5]
680,679,0,[]
681,680,1,[29]
682,681,2,"[27, 43]"
683,682,1,[27]
684,683,0,[]
685,684,0,[]
686,685,2,"[7, 12]"
687,686,0,[]
688,687,0,[]
689,688,0,[]
690,689,1,[38]
691,690,1,[33]
692,691,1,[15]
693,692,1,[11]
694,693,0,[]
695,694,1,[33]
696,695,3,"[18, 34, 38]"
697,696,0,[]
698,697,2,"[11, 33]"
699,698,1,[21]
700,699,1,[29]
701,700,0,[]
702,701,2,"[3, 16]"
703,702,0,[]
704,703,1,[33]
705,704,1,[1]
706,705,2,"[6, 28]"
707,706,0,[]
708,707,2,"[2, 19]"
709,708,1,[10]
710,709,0,[]
711,710,1,[24]
712,711,1,[45]
713,712,0,[]
714,713,0,[]
715,714,2,"[7, 33]"
716,715,1,[2]
717,716,1,[2]
718,717,2,"[11, 32]"
719,718,2,"[4, 20]"
720,719,0,[]
721,720,1,[1]
722,721,1,[43]
723,722,1,[30]
724,723,2,"[33, 35]"
725,724,1,[41]
726,725,1,[21]
727,726,1,[21]
728,727,1,[10]
729,728,0,[]
730,729,0,[]
731,730,0,[]
732,731,1,[2]
733,732,1,[32]
734,733,0,[]
735,734,2,"[37, 41]"
736,735,1,[27]
737,736,2,"[18, 27]"
738,737,1,[27]
739,738,0,[]
740,739,0,[]
741,740,0,[]
742,741,0,[]
743,742,0,[]
744,743,4,"[15, 21, 34, 41]"
745,744,0,[]
746,745,2,"[3, 12]"
747,746,1,[12]
748,747,0,[]
749,748,0,[]
750,749,1,[24]
751,750,0,[]
752,751,3,"[4, 16, 20]"
753,752,0,[]
754,753,3,"[2, 17, 24]"
755,754,0,[]
756,755,2,"[14, 28]"
757,756,0,[]
758,757,0,[]
759,758,2,"[9, 43]"
760,759,2,"[42, 43]"
761,760,1,[42]
762,761,0,[]
763,762,1,[3]
764,763,1,[34]
765,764,0,[]
766,765,0,[]
767,766,1,[34]
768,767,0,[]
769,768,1,[7]
770,769,0,[]
771,770,0,[]
772,771,2,"[6, 21]"
773,772,1,[21]
774,773,1,[12]
775,774,2,"[12, 42]"
776,775,0,[]
777,776,1,[21]
778,777,3,"[6, 21, 37]"
779,778,2,"[6, 41]"
780,779,1,[19]
781,780,1,[19]
782,781,1,[18]
783,782,2,"[38, 45]"
784,783,0,[]
785,784,0,[]
786,785,1,[15]
787,786,1,[16]
788,787,0,[]
789,788,2,"[2, 19]"
790,789,1,[19]
791,790,0,[]
792,791,1,[2]
793,792,0,[]
794,793,1,[38]
795,794,1,[38]
796,795,1,[26]
797,796,0,[]
798,797,2,"[22, 32]"
799,798,0,[]
800,799,2,"[12, 45]"
801,800,1,[28]
802,801,0,[]
803,802,0,[]
804,803,1,[26]
805,804,2,"[13, 32]"
806,805,1,[31]
807,806,0,[]
808,807,0,[]
809,808,1,[15]
810,809,0,[]
811,810,1,[21]
812,811,0,[]
813,812,0,[]
814,813,1,[42]
815,814,1,[21]
816,815,0,[]
817,816,1,[12]
818,817,1,[25]
819,818,1,[25]
820,819,0,[]
821,820,0,[]
822,821,1,[24]
823,822,2,"[18, 24]"
824,823,1,[24]
825,824,1,[38]
826,825,1,[33]
827,826,1,[33]
828,827,1,[29]
829,828,2,"[4, 31]"
830,829,1,[5]
831,830,1,[16]
832,831,1,[19]
833,832,0,[]
834,833,2,"[18, 42]"
835,834,0,[]
836,835,2,"[9, 28]"
837,836,1,[28]
838,837,1,[33]
839,838,1,[9]
840,839,1,[11]
841,840,1,[11]
842,841,1,[14]
843,842,1,[42]
844,843,1,[33]
845,844,2,"[33, 45]"
846,845,1,[45]
847,846,1,[30]
848,847,1,[16]
849,848,1,[39]
850,849,1,[39]
851,850,0,[]
852,851,0,[]
853,852,0,[]
854,853,0,[]
855,854,1,[43]
856,855,2,"[43, 44]"
857,856,1,[10]
858,857,1,[38]
859,858,2,"[38, 39]"
860,859,1,[8]
861,860,1,[25]
862,861,0,[]
863,862,1,[43]
864,863,0,[]
865,864,1,[3]
866,865,1,[15]
867,866,0,[]
868,867,1,[17]
869,868,0,[]
870,869,0,[]
871,870,1,[30]
872,871,2,"[2, 30]"
873,872,1,[33]
874,873,0,[]
875,874,1,[19]
876,875,1,[34]
877,876,1,[5]
878,877,0,[]
879,878,0,[]
880,879,0,[]
881,880,0,[]
882,881,1,[18]
883,882,2,"[18, 44]"
884,883,1,[37]
885,884,1,[45]
886,885,1,[45]
887,886,1,[45]
888,887,0,[]
889,888,2,"[3, 38]"
890,889,1,[29]
891,890,0,[]
892,891,1,[9]
893,892,1,[17]
894,893,1,[41]
895,894,1,[41]
896,895,2,"[26, 38]"
897,896,2,"[12, 26]"
898,897,0,[]
899,898,1,[21]
900,899,0,[]
901,900,1,[18]
902,901,1,[23]
903,902,0,[]
904,903,1,[2]
905,904,0,[]
906,905,0,[]
907,906,0,[]
908,907,2,"[21, 44]"
909,908,0,[]
910,909,1,[35]
911,910,0,[]
912,911,1,[5]
913,912,1,[21]
914,913,1,[16]
915,914,0,[]
916,915,2,"[6, 22]"
917,916,0,[]
918,917,0,[]
919,918,0,[]
920,919,0,[]
921,920,0,[]
922,921,0,[]
923,922,1,[17]
924,923,1,[3]
925,924,2,"[34, 42]"
926,925,0,[]
927,926,0,[]
928,927,1,[4]
929,928,0,[]
930,929,0,[]
931,930,1,[25]
932,931,1,[15]
933,932,1,[36]
934,933,1,[36]
935,934,0,[]
936,935,0,[]
937,936,2,"[13, 29]"
938,937,1,[10]
939,938,1,[4]
940,939,0,[]
941,940,0,[]
942,941,1,[12]
943,942,0,[]
944,943,1,[13]
945,944,1,[33]
946,945,2,"[9, 30]"
947,946,0,[]
948,947,0,[]
949,948,0,[]
950,949,1,[40]
951,950,0,[]
952,951,1,[12]
953,952,1,[22]
954,953,1,[9]
955,954,2,"[9, 26]"
956,955,0,[]
957,956,0,[]
958,957,1,[35]
959,958,0,[]
960,959,1,[24]
961,960,0,[]
962,961,1,[31]
963,962,1,[34]
964,963,1,[6]
965,964,1,[36]
966,965,2,"[25, 29]"
967,966,2,"[1, 37]"
968,967,0,[]
969,968,0,[]
970,969,1,[9]
971,970,1,[21]
972,971,2,"[6, 17]"
973,972,1,[37]
974,973,0,[]
975,974,0,[]
976,975,0,[]
977,976,1,[14]
978,977,0,[]
979,978,1,[7]
980,979,1,[16]
981,980,0,[]
982,981,0,[]
983,982,1,[13]
984,983,2,"[23, 35]"
985,984,1,[23]
986,985,0,[]
987,986,0,[]
988,987,1,[2]
989,988,0,[]
990,989,0,[]
991,990,1,[25]
992,991,2,"[33, 44]"
993,992,0,[]
994,993,1,[24]
995,994,1,[1]
996,995,1,[39]
997,996,1,[24]
998,997,0,[]
999,998,1,[18]
1000,999,0,[]
1001,1000,1,[42]
1002,1001,0,[]
1003,1002,1,[45]
1004,1003,1,[39]
1005,1004,0,[]
1006,1005,1,[8]
1007,1006,3,"[8, 11, 16]"
1008,1007,1,[11]
1009,1008,1,[44]
1010,1009,2,"[15, 34]"
1011,1010,2,"[9, 12]"
1012,1011,1,[35]
1013,1012,0,[]
1014,1013,1,[26]
1015,1014,1,[14]
1016,1015,0,[]
1017,1016,1,[34]
1018,1017,0,[]
1019,1018,0,[]
1020,1019,0,[]
1021,1020,3,"[12, 29, 45]"
1022,1021,2,"[29, 45]"
1023,1022,1,[29]
1024,1023,1,[18]
1025,1024,2,"[9, 20]"
1026,1025,0,[]
1027,1026,0,[]
1028,1027,1,[35]
1029,1028,1,[12]
1030,1029,0,[]
1031,1030,0,[]
1032,1031,2,"[6, 36]"
1033,1032,0,[]
1034,1033,0,[]
1035,1034,0,[]
1036,1035,1,[34]
1037,1036,2,"[2, 22]"
1038,1037,1,[27]
1039,1038,0,[]
1040,1039,1,[36]
1041,1040,0,[]
1042,1041,0,[]
1043,1042,1,[5]
1044,1043,2,"[12, 26]"
1045,1044,0,[]
1046,1045,0,[]
1047,1046,0,[]
1048,1047,0,[]
1049,1048,1,[21]
1050,1049,0,[]
1051,1050,1,[35]
1052,1051,2,"[26, 35]"
1053,1052,1,[26]
1054,1053,2,"[30, 45]"
1055,1054,1,[14]
1056,1055,0,[]
1057,1056,2,"[13, 45]"
1058,1057,1,[40]
1059,1058,2,"[25, 40]"
1060,1059,1,[10]
1061,1060,2,"[24, 45]"
1062,1061,1,[45]
1063,1062,0,[]
1064,1063,3,"[3, 6, 22]"
1065,1064,2,"[3, 18]"
1066,1065,2,"[19, 32]"
1067,1066,1,[19]
1068,1067,3,"[7, 19, 33]"
1069,1068,0,[]
1070,1069,1,[22]
1071,1070,1,[30]
1072,1071,0,[]
1073,1072,2,"[18, 32]"
1074,1073,2,"[6, 28]"
1075,1074,1,[1]
1076,1075,0,[]
1077,1076,0,[]
1078,1077,0,[]
1079,1078,0,[]
1080,1079,0,[]
1081,1080,2,"[16, 23]"
1082,1081,0,[]
1083,1082,0,[]
1084,1083,0,[]
1085,1084,0,[]
1086,1085,0,[]
1087,1086,0,[]
1088,1087,2,"[21, 44]"
1089,1088,0,[]
1090,1089,0,[]
1091,1090,0,[]
1092,1091,0,[]
1093,1092,0,[]
1094,1093,1,[22]
1095,1094,1,[40]
1096,1095,0,[]
1097,1096,0,[]
1098,1097,0,[]
1099,1098,1,[43]
1100,1099,1,[43]
1101,1100,0,[]
1102,1101,1,[13]
1103,1102,0,[]
1104,1103,0,[]
1105,1104,0,[]
1106,1105,0,[]
1107,1106,0,[]
1108,1107,0,[]
1109,1108,1,[19]
1110,1109,0,[]
1111,1110,1,[3]
1112,1111,0,[]
1113,1112,2,"[20, 44]"
1114,1113,1,[32]
1115,1114,1,[32]
1116,1115,0,[]
1117,1116,1,[30]
1118,1117,0,[]
1119,1118,2,"[13, 45]"
1120,1119,0,[]
1121,1120,2,"[31, 38]"
1122,1121,1,[6]
1123,1122,3,"[21, 34, 35]"
1124,1123,1,[34]
1125,1124,1,[33]
1126,1125,1,[40]
1127,1126,1,[37]
1128,1127,0,[]
1129,1128,2,"[5, 28]"
1130,1129,1,[28]
1131,1130,1,[27]
1132,1131,1,[6]
1133,1132,2,"[28, 34]"
1134,1133,1,[13]
1135,1134,2,"[13, 19]"
1136,1135,2,"[21, 33]"
1137,1136,1,[33]
1138,1137,0,[]
1139,1138,0,[]
1140,1139,0,[]
1141,1140,1,[7]
1142,1141,0,[]
1143,1142,1,[28]
1144,1143,0,[]
1145,1144,0,[]
1146,1145,1,[11]
1147,1146,1,[11]
1148,1147,0,[]
1149,1148,1,[15]
1150,1149,1,[8]
1151,1150,1,[9]
1152,1151,0,[]
1153,1152,1,[35]
1154,1153,0,[]
1155,1154,1,[38]
1156,1155,0,[]
1157,1156,0,[]
1158,1157,1,[25]
1159,1158,2,"[27, 38]"
1160,1159,1,[39]
1161,1160,0,[]
1162,1161,1,[20]
1163,1162,0,[]
1164,1163,0,[]
1165,1164,1,[38]
1166,1165,2,"[27, 29]"
1167,1166,1,[23]
1168,1167,0,[]
1169,1168,1,[24]
1170,1169,1,[42]
1171,1170,1,[3]
1172,1171,1,[7]
1173,1172,0,[]
1174,1173,0,[]
1175,1174,1,[8]
1176,1175,0,[]
1177,1176,1,[7]
1178,1177,1,[43]
1179,1178,1,[44]
1180,1179,2,"[18, 40]"
1181,1180,1,[41]
1182,1181,0,[]
1183,1182,0,[]
1184,1183,1,[23]
1185,1184,0,[]
1186,1185,1,[28]
1187,1186,1,[13]
1188,1187,0,[]
1189,1188,1,[19]
1190,1189,2,"[9, 19]"
1191,1190,0,[]
1192,1191,0,[]
1193,1192,1,[16]
1194,1193,1,[24]
1195,1194,3,"[3, 15, 33]"
1196,1195,1,[15]
1197,1196,0,[]
1198,1197,1,[26]
1199,1198,1,[30]
1200,1199,2,"[16, 32]"
1201,1200,0,[]
1202,1201,0,[]
1203,1202,0,[]
1204,1203,0,[]
1205,1204,2,"[16, 31]"
1206,1205,1,[1]
1207,1206,1,[27]
1208,1207,2,"[27, 38]"
1209,1208,0,[]
1210,1209,1,[17]
1211,1210,2,"[27, 38]"
1212,1211,0,[]
1213,1212,2,"[5, 25]"
1214,1213,1,[27]
1215,1214,2,"[15, 19]"
1216,1215,1,[15]
1217,1216,2,"[10, 15]"
1218,1217,1,[31]
1219,1218,2,"[28, 45]"
1220,1219,2,"[2, 28]"
1221,1220,1,[28]
1222,1221,0,[]
1223,1222,1,[32]
1224,1223,1,[18]
1225,1224,1,[9]
1226,1225,0,[]
1227,1226,0,[]
1228,1227,1,[44]
1229,1228,1,[29]
1230,1229,1,[42]
1231,1230,0,[]
1232,1231,0,[]
1233,1232,0,[]
1234,1233,0,[]
1235,1234,2,"[15, 43]"
1236,1235,0,[]
1237,1236,1,[34]
1238,1237,0,[]
